epoch,acc,loss,val_acc,val_loss
0,0.6583710312843323,nan,0.6666666865348816,nan
1,0.6651583909988403,nan,0.6666666865348816,nan
2,0.6651583909988403,nan,0.6666666865348816,nan
3,0.6651583909988403,nan,0.6666666865348816,nan
4,0.6651583909988403,nan,0.6666666865348816,nan
5,0.6651583909988403,nan,0.6666666865348816,nan
