epoch,acc,loss,val_acc,val_loss
0,0.6000000238418579,0.885772705078125,0.6964285969734192,0.7665280699729919
1,0.693617045879364,0.678566575050354,0.5178571343421936,1.0522277355194092
2,0.6382978558540344,0.7522813677787781,0.7321428656578064,1.017727255821228
3,0.6553191542625427,0.7108916640281677,0.5714285969734192,0.9262410998344421
4,0.5872340202331543,0.7365928888320923,0.5535714030265808,0.7229255437850952
5,0.6553191542625427,0.6773046255111694,0.6607142686843872,0.655029296875
6,0.6808510422706604,0.6178486943244934,0.6964285969734192,0.6045415997505188
7,0.6638298034667969,0.6243745684623718,0.6071428656578064,0.9373359084129333
