epoch,acc,loss,val_acc,val_loss
0,0.5843621492385864,0.8292357921600342,0.7586206793785095,0.6004832983016968
1,0.6460905075073242,0.7049230933189392,0.6034482717514038,0.5850098729133606
2,0.6296296119689941,0.7529807090759277,0.4655172526836395,0.7031987905502319
3,0.5144032835960388,0.7316188812255859,0.517241358757019,0.6945286989212036
4,0.5802469253540039,0.6876040101051331,0.5862069129943848,0.6469669938087463
5,0.596707820892334,0.810175895690918,0.4655172526836395,0.7313498258590698
