epoch,acc,loss,val_acc,val_loss
0,0.5514403581619263,nan,0.5344827771186829,nan
1,0.5308641791343689,nan,0.5344827771186829,nan
2,0.5308641791343689,nan,0.5344827771186829,nan
3,0.5308641791343689,nan,0.5344827771186829,nan
4,0.5308641791343689,nan,0.5344827771186829,nan
5,0.5308641791343689,nan,0.5344827771186829,nan
