epoch,acc,loss,val_acc,val_loss
0,0.6255143880844116,0.7975472807884216,0.5862069129943848,1.3500761985778809
1,0.6666666865348816,0.7942813634872437,0.7241379022598267,0.7244612574577332
2,0.6296296119689941,0.7321310043334961,0.6896551847457886,0.8705370426177979
3,0.6172839403152466,0.7302161455154419,0.6206896305084229,1.0066088438034058
4,0.6502057909965515,0.7218731045722961,0.6034482717514038,0.7101372480392456
5,0.6213991641998291,0.7241958975791931,0.5862069129943848,0.6670858263969421
6,0.5720164775848389,0.7196651697158813,0.6379310488700867,0.6641520261764526
