epoch,acc,loss,val_acc,val_loss
0,0.5659574270248413,nan,0.625,nan
1,0.6127659678459167,nan,0.625,nan
2,0.6127659678459167,nan,0.625,nan
3,0.6127659678459167,nan,0.625,nan
4,0.6127659678459167,nan,0.625,nan
5,0.6127659678459167,nan,0.625,nan
