epoch,acc,loss,val_acc,val_loss
0,0.5925925970077515,1.5647118091583252,0.4912280738353729,0.7091699838638306
1,0.5843621492385864,1.0150021314620972,0.6491228342056274,0.6818410158157349
2,0.6213991641998291,0.8345467448234558,0.4385964870452881,0.8229905962944031
3,0.6090534925460815,0.7541162371635437,0.5438596606254578,0.7240846753120422
4,0.5802469253540039,0.7976052761077881,0.5614035129547119,0.6878432631492615
5,0.5226337313652039,0.7044711709022522,0.5263158082962036,0.7549798488616943
6,0.5226337313652039,0.7173449993133545,0.5614035129547119,0.6997221112251282
