epoch,acc,loss,val_acc,val_loss
0,0.588477373123169,1.0970755815505981,0.5789473652839661,0.7915662527084351
1,0.6255143880844116,0.7558606266975403,0.5614035129547119,0.657279372215271
2,0.6213991641998291,0.7165794968605042,0.5789473652839661,0.6751964092254639
3,0.6748971343040466,0.6504464745521545,0.7017543911933899,0.648423969745636
4,0.6337448358535767,0.6876566410064697,0.5438596606254578,0.7003136277198792
5,0.5144032835960388,0.7324843406677246,0.5438596606254578,0.7131322622299194
6,0.6378600597381592,0.7288195490837097,0.5789473652839661,0.797630786895752
7,0.6502057909965515,0.6628679037094116,0.5964912176132202,0.744136393070221
8,0.5679012537002563,0.8176642060279846,0.5789473652839661,0.6784606575965881
