epoch,acc,loss,val_acc,val_loss
0,0.6425532102584839,1.1589161157608032,0.6607142686843872,0.8736193776130676
1,0.6425532102584839,0.8999509215354919,0.6607142686843872,1.5349560976028442
2,0.5659574270248413,1.2165518999099731,0.6428571343421936,6.223775386810303
3,0.5829787254333496,nan,0.625,nan
4,0.6297872066497803,nan,0.625,nan
5,0.6297872066497803,nan,0.625,nan
