epoch,acc,loss,val_acc,val_loss
0,0.3414634168148041,nan,0.32758620381355286,nan
1,0.31707316637039185,nan,0.32758620381355286,nan
2,0.31707316637039185,nan,0.32758620381355286,nan
3,0.31707316637039185,nan,0.32758620381355286,nan
4,0.31707316637039185,nan,0.32758620381355286,nan
5,0.31707316637039185,nan,0.32758620381355286,nan
