epoch,acc,loss,val_acc,val_loss
0,0.6433408856391907,nan,0.6634615659713745,nan
1,0.6591421961784363,nan,0.6634615659713745,nan
2,0.6591421961784363,nan,0.6634615659713745,nan
3,0.6591421961784363,nan,0.6634615659713745,nan
4,0.6591421961784363,nan,0.6634615659713745,nan
5,0.6591421961784363,nan,0.6634615659713745,nan
