epoch,acc,loss,val_acc,val_loss
0,0.5185185074806213,nan,0.45614033937454224,nan
1,0.47325101494789124,nan,0.45614033937454224,nan
2,0.47325101494789124,nan,0.45614033937454224,nan
3,0.47325101494789124,nan,0.45614033937454224,nan
4,0.47325101494789124,nan,0.45614033937454224,nan
5,0.47325101494789124,nan,0.45614033937454224,nan
