epoch,acc,loss,val_acc,val_loss
0,0.5432098507881165,1.7055891752243042,0.6842105388641357,0.6808297634124756
1,0.5761317014694214,0.9161102771759033,0.5614035129547119,2.2496750354766846
2,0.5802469253540039,1.1129118204116821,0.5087719559669495,0.6903687119483948
3,0.5144032835960388,0.9334039092063904,0.5087719559669495,0.7426553964614868
4,0.5020576119422913,0.8238118290901184,0.5438596606254578,0.7129107117652893
5,0.4855967164039612,0.7392093539237976,0.6315789222717285,0.6984469890594482
