epoch,acc,loss,val_acc,val_loss
0,0.5423728823661804,1.264016032218933,0.6363636255264282,0.6428056359291077
1,0.6313559412956238,0.8214462995529175,0.6727272868156433,1.1179184913635254
2,0.6440678238868713,0.7727388739585876,0.6727272868156433,0.7538699507713318
3,0.6144067645072937,0.7240521907806396,0.6181818246841431,0.6698888540267944
4,0.6440678238868713,0.6546699404716492,0.6181818246841431,1.1367796659469604
5,0.6906779408454895,0.6553011536598206,0.6181818246841431,0.6653377413749695
6,0.6186440587043762,0.7100090980529785,0.6363636255264282,0.6567564606666565
