epoch,acc,loss,val_acc,val_loss
0,0.3130081295967102,nan,0.3448275923728943,nan
1,0.3048780560493469,nan,0.3448275923728943,nan
2,0.3048780560493469,nan,0.3448275923728943,nan
3,0.3048780560493469,nan,0.3448275923728943,nan
4,0.3048780560493469,nan,0.3448275923728943,nan
5,0.3048780560493469,nan,0.3448275923728943,nan
