epoch,acc,loss,val_acc,val_loss
0,0.6829268336296082,nan,0.6551724076271057,nan
1,0.6951219439506531,nan,0.6551724076271057,nan
2,0.6951219439506531,nan,0.6551724076271057,nan
3,0.6951219439506531,nan,0.6551724076271057,nan
4,0.6951219439506531,nan,0.6551724076271057,nan
5,0.6951219439506531,nan,0.6551724076271057,nan
