epoch,acc,loss,val_acc,val_loss
0,0.5720338821411133,1.1120461225509644,0.7090908885002136,0.516372799873352
1,0.5805084705352783,0.890784502029419,0.6181818246841431,0.8438231945037842
2,0.5932203531265259,0.7167323231697083,0.38181817531585693,2.0192711353302
3,0.6228813529014587,0.7560158371925354,0.6181818246841431,1.0734657049179077
4,0.6313559412956238,0.7522835731506348,0.6181818246841431,0.6577664613723755
5,0.6228813529014587,0.7265893220901489,0.6181818246841431,0.665016770362854
