epoch,acc,loss,val_acc,val_loss
0,0.4897119402885437,nan,0.4736842215061188,nan
1,0.47325101494789124,nan,0.4736842215061188,nan
2,0.47325101494789124,nan,0.4736842215061188,nan
3,0.47325101494789124,nan,0.4736842215061188,nan
4,0.47325101494789124,nan,0.4736842215061188,nan
5,0.47325101494789124,nan,0.4736842215061188,nan
