epoch,acc,loss,val_acc,val_loss
0,0.5596708059310913,1.2626181840896606,0.6491228342056274,0.6667122840881348
1,0.6131687164306641,0.8286488652229309,0.6140350699424744,0.9592505097389221
2,0.6666666865348816,0.72757887840271,0.45614033937454224,0.8123018741607666
3,0.6008230447769165,0.7548819184303284,0.6666666865348816,0.5972878932952881
4,0.6625514626502991,0.7011024951934814,0.5438596606254578,1.6043959856033325
5,0.5267489552497864,0.7181350588798523,0.5263158082962036,0.737302303314209
6,0.5020576119422913,0.7602644562721252,0.5789473652839661,0.6891562342643738
7,0.6131687164306641,0.7028440833091736,0.5087719559669495,0.6882344484329224
8,0.6337448358535767,0.659555196762085,0.6140350699424744,1.025926113128662
